{"cameraMode":{"drawMode":0,"name":"Shaded","section":"Shading Mode"},"sceneLighting":true,"audioPlay":false,"sceneViewState":{"m_AlwaysRefresh":false,"showFog":true,"showSkybox":true,"showFlares":true,"showImageEffects":true,"showParticleSystems":true,"showVisualEffectGraphs":true,"m_FxEnabled":true},"in2DMode":false,"pivot":{"x":0.34234818816185,"y":1.5597480535507203,"z":16.16104507446289},"rotation":{"x":0.0704401507973671,"y":0.005985636729747057,"z":-0.0004219716356601566,"w":0.9974955916404724},"size":22.32110023498535,"orthographic":false}